species,model,parameter,perturbation,endpoint,baseline,perturbed,abs_change,pct_change,elasticity,censored
Mtb,two-compartment mechanistic,r,+10%,log10_drop_240h,3.247547494619534,3.246763012090586,-0.0007844825289482493,-0.024156152612023776,-0.0024156152612023756,False
Mtb,two-compartment mechanistic,r,+10%,time_to_LOD_h,379.50713925049206,379.6536547898724,0.14651553938034567,0.038606793977501094,0.0038606793977501064,False
Mtb,two-compartment mechanistic,r,+10%,MDK99_h,31.2698648908004,31.684275200792783,0.41441030999238393,1.3252705486242875,0.13252705486242863,False
Mtb,two-compartment mechanistic,r,-10%,log10_drop_240h,3.247547494619534,3.2483069160211553,0.0007594214016211076,0.023384458668558362,-0.002338445866855837,False
Mtb,two-compartment mechanistic,r,-10%,time_to_LOD_h,379.50713925049206,379.3653065663397,-0.14183268415234807,-0.03737286324374836,0.0037372863243748376,False
Mtb,two-compartment mechanistic,r,-10%,MDK99_h,31.2698648908004,30.849323678428874,-0.42054121237152486,-1.344876972894271,0.13448769728942714,False
Mtb,two-compartment mechanistic,Emax_S,+10%,log10_drop_240h,3.247547494619534,3.252651707609259,0.0051042129897247435,0.1571713115260452,0.015717131152604504,False
Mtb,two-compartment mechanistic,Emax_S,+10%,time_to_LOD_h,379.50713925049206,378.5539148790832,-0.9532243714088509,-0.25117429234438704,-0.02511742923443868,False
Mtb,two-compartment mechanistic,Emax_S,+10%,MDK99_h,31.2698648908004,28.38856169082221,-2.8813031999781877,-9.214312917693059,-0.921431291769305,False
Mtb,two-compartment mechanistic,Emax_S,-10%,log10_drop_240h,3.247547494619534,3.2410477667050057,-0.006499727914528464,-0.2001426592004296,0.020014265920042965,False
Mtb,two-compartment mechanistic,Emax_S,-10%,time_to_LOD_h,379.50713925049206,380.7211743359432,1.214035085451144,0.319897825334407,-0.03198978253344071,False
Mtb,two-compartment mechanistic,Emax_S,-10%,MDK99_h,31.2698648908004,34.83268297726772,3.562818086467324,11.39377512154044,-1.1393775121540441,False
Mtb,two-compartment mechanistic,Emax_P,+10%,log10_drop_240h,3.247547494619534,3.272760423994099,0.025212929374564652,0.7763683030452021,0.07763683030452014,False
Mtb,two-compartment mechanistic,Emax_P,+10%,time_to_LOD_h,379.50713925049206,372.25039276242654,-7.256746488065517,-1.9121501910075351,-0.19121501910075334,False
Mtb,two-compartment mechanistic,Emax_P,+10%,MDK99_h,31.2698648908004,31.173062585713996,-0.09680230508640264,-0.30957058952589817,-0.030957058952589787,False
Mtb,two-compartment mechanistic,Emax_P,-10%,log10_drop_240h,3.247547494619534,3.222334402066723,-0.025213092552811123,-0.7763733277060189,0.0776373327706019,False
Mtb,two-compartment mechanistic,Emax_P,-10%,time_to_LOD_h,379.50713925049206,387.05293526575525,7.545796015263193,1.9883146415020727,-0.1988314641502073,False
Mtb,two-compartment mechanistic,Emax_P,-10%,MDK99_h,31.2698648908004,31.368303281283833,0.09843839048343384,0.3148027368432744,-0.03148027368432745,False
Mtb,two-compartment mechanistic,EC50,+10%,log10_drop_240h,3.247547494619534,3.232181575308826,-0.015365919310708076,-0.4731545677520035,-0.047315456775200306,False
Mtb,two-compartment mechanistic,EC50,+10%,time_to_LOD_h,379.50713925049206,383.96138503429694,4.454245783804879,1.1736922242363597,0.11736922242363586,False
Mtb,two-compartment mechanistic,EC50,+10%,MDK99_h,31.2698648908004,31.83839871234812,0.5685338215477209,1.8181524721425442,0.18181524721425424,False
Mtb,two-compartment mechanistic,EC50,-10%,log10_drop_240h,3.247547494619534,3.263874258863138,0.016326764243603797,0.5027413539187224,-0.05027413539187226,False
Mtb,two-compartment mechanistic,EC50,-10%,time_to_LOD_h,379.50713925049206,374.87048941389355,-4.636649836598508,-1.2217556290918963,0.12217556290918966,False
Mtb,two-compartment mechanistic,EC50,-10%,MDK99_h,31.2698648908004,30.69287151321376,-0.5769933775866392,-1.8452058542676681,0.18452058542676686,False
Mtb,two-compartment mechanistic,H,+10%,log10_drop_240h,3.247547494619534,3.2529997530328445,0.005452258413310318,0.16788848884715316,0.0167888488847153,False
Mtb,two-compartment mechanistic,H,+10%,time_to_LOD_h,379.50713925049206,378.0388692901373,-1.4682699603547462,-0.38688862698459564,-0.03868886269845953,False
Mtb,two-compartment mechanistic,H,+10%,MDK99_h,31.2698648908004,30.585479338031963,-0.6843855527684362,-2.188642500242406,-0.21886425002424043,False
Mtb,two-compartment mechanistic,H,-10%,log10_drop_240h,3.247547494619534,3.241768737401216,-0.005778757218318109,-0.17794219262049987,0.017794219262049993,False
Mtb,two-compartment mechanistic,H,-10%,time_to_LOD_h,379.50713925049206,381.05061077469276,1.5434715242006973,0.40670421306144006,-0.04067042130614402,False
Mtb,two-compartment mechanistic,H,-10%,MDK99_h,31.2698648908004,32.061857611993545,0.7919927211931466,2.532766687540601,-0.25327666875406013,False
Mtb,two-compartment mechanistic,k_SP,+10%,log10_drop_240h,3.247547494619534,3.2065344313586195,-0.041013063260914695,-1.262893408914396,-0.12628934089143948,False
Mtb,two-compartment mechanistic,k_SP,+10%,time_to_LOD_h,379.50713925049206,387.11774052260256,7.6106012721105,2.0053908042786923,0.20053908042786908,False
Mtb,two-compartment mechanistic,k_SP,+10%,MDK99_h,31.2698648908004,32.72495835293831,1.45509346213791,4.653341059257339,0.46533410592573343,False
Mtb,two-compartment mechanistic,k_SP,-10%,log10_drop_240h,3.247547494619534,3.2929249361076613,0.04537744148812717,1.3972833827159579,-0.1397283382715958,False
Mtb,two-compartment mechanistic,k_SP,-10%,time_to_LOD_h,379.50713925049206,371.0880915979123,-8.419047652579764,-2.218416146059062,0.22184161460590623,False
Mtb,two-compartment mechanistic,k_SP,-10%,MDK99_h,31.2698648908004,30.007087798888392,-1.2627770919120067,-4.0383196292079795,0.40383196292079804,False
Mtb,two-compartment mechanistic,k_PS,+10%,log10_drop_240h,3.247547494619534,3.3878741291644996,0.1403266345449654,4.321003304107347,0.4321003304107342,False
Mtb,two-compartment mechanistic,k_PS,+10%,time_to_LOD_h,379.50713925049206,345.03758083663723,-34.46955841385483,-9.082716726207183,-0.9082716726207174,False
Mtb,two-compartment mechanistic,k_PS,+10%,MDK99_h,31.2698648908004,29.92301394893216,-1.3468509418682402,-4.3071850376446115,-0.43071850376446075,False
Mtb,two-compartment mechanistic,k_PS,-10%,log10_drop_240h,3.247547494619534,3.102915880956252,-0.14463161366328237,-4.453564232791202,0.44535642327912034,False
Mtb,two-compartment mechanistic,k_PS,-10%,time_to_LOD_h,379.50713925049206,420.87794897285903,41.37080972236697,10.901194060294173,-1.0901194060294173,False
Mtb,two-compartment mechanistic,k_PS,-10%,MDK99_h,31.2698648908004,33.335290373663085,2.065425482862686,6.605162798353935,-0.6605162798353936,False
S. aureus,two-compartment mechanistic,r,+10%,log10_drop_240h,13.97226561168106,306.0,292.02773438831895,2090.0528411382234,209.00528411382214,False
S. aureus,two-compartment mechanistic,r,+10%,time_to_LOD_h,21.317513129398776,22.0965870601404,0.7790739307416246,3.65461921384822,0.36546192138482164,False
S. aureus,two-compartment mechanistic,r,+10%,MDK99_h,8.218689455987422,9.010162020330236,0.7914725643428149,9.63015537430018,0.9630155374300171,False
S. aureus,two-compartment mechanistic,r,-10%,log10_drop_240h,13.97226561168106,306.0,292.02773438831895,2090.0528411382234,-209.00528411382237,False
S. aureus,two-compartment mechanistic,r,-10%,time_to_LOD_h,21.317513129398776,20.768286411610028,-0.5492267177887484,-2.5764108339228144,0.2576410833922815,False
S. aureus,two-compartment mechanistic,r,-10%,MDK99_h,8.218689455987422,7.559419873150857,-0.6592695828365649,-8.021590137540462,0.8021590137540465,False
S. aureus,two-compartment mechanistic,Emax_S,+10%,log10_drop_240h,13.97226561168106,306.0,292.02773438831895,2090.0528411382234,209.00528411382214,False
S. aureus,two-compartment mechanistic,Emax_S,+10%,time_to_LOD_h,21.317513129398776,20.349931489084053,-0.967581640314723,-4.538904864002831,-0.4538904864002826,False
S. aureus,two-compartment mechanistic,Emax_S,+10%,MDK99_h,8.218689455987422,6.934673563781642,-1.2840158922057796,-15.623122142306489,-1.5623122142306476,False
S. aureus,two-compartment mechanistic,Emax_S,-10%,log10_drop_240h,13.97226561168106,306.0,292.02773438831895,2090.0528411382234,-209.00528411382237,False
S. aureus,two-compartment mechanistic,Emax_S,-10%,time_to_LOD_h,21.317513129398776,23.50875269449963,2.1912395651008545,10.279058123712081,-1.0279058123712084,False
S. aureus,two-compartment mechanistic,Emax_S,-10%,MDK99_h,8.218689455987422,10.104796025407131,1.8861065694197094,22.948994234666653,-2.2948994234666658,False
S. aureus,two-compartment mechanistic,Emax_P,+10%,log10_drop_240h,13.97226561168106,14.17173471966081,0.19946910797975015,1.427607472713591,0.14276074727135898,False
S. aureus,two-compartment mechanistic,Emax_P,+10%,time_to_LOD_h,21.317513129398776,20.96209608331647,-0.3554170460823052,-1.667253792339187,-0.16672537923391853,False
S. aureus,two-compartment mechanistic,Emax_P,+10%,MDK99_h,8.218689455987422,8.216400637447219,-0.002288818540202797,-0.027848947845758587,-0.002784894784575856,False
S. aureus,two-compartment mechanistic,Emax_P,-10%,log10_drop_240h,13.97226561168106,306.0,292.02773438831895,2090.0528411382234,-209.00528411382237,False
S. aureus,two-compartment mechanistic,Emax_P,-10%,time_to_LOD_h,21.317513129398776,21.694987680437645,0.37747455103886907,1.770725078237656,-0.17707250782376563,False
S. aureus,two-compartment mechanistic,Emax_P,-10%,MDK99_h,8.218689455987422,8.221039897820356,0.0023504418329345356,0.028598742482260457,-0.0028598742482260466,False
S. aureus,two-compartment mechanistic,EC50,+10%,log10_drop_240h,13.97226561168106,306.0,292.02773438831895,2090.0528411382234,209.00528411382214,False
S. aureus,two-compartment mechanistic,EC50,+10%,time_to_LOD_h,21.317513129398776,21.76481203544638,0.44729890604760314,2.098269640236494,0.20982696402364923,False
S. aureus,two-compartment mechanistic,EC50,+10%,MDK99_h,8.218689455987422,8.48883688044604,0.27014742445861906,3.286989074174267,0.3286989074174264,False
S. aureus,two-compartment mechanistic,EC50,-10%,log10_drop_240h,13.97226561168106,306.0,292.02773438831895,2090.0528411382234,-209.00528411382237,False
S. aureus,two-compartment mechanistic,EC50,-10%,time_to_LOD_h,21.317513129398776,20.869109604087598,-0.44840352531117844,-2.1034513856721375,0.2103451385672138,False
S. aureus,two-compartment mechanistic,EC50,-10%,MDK99_h,8.218689455987422,7.967928696353938,-0.25076075963348377,-3.0511039622114122,0.3051103962211413,False
S. aureus,two-compartment mechanistic,H,+10%,log10_drop_240h,13.97226561168106,306.0,292.02773438831895,2090.0528411382234,209.00528411382214,False
S. aureus,two-compartment mechanistic,H,+10%,time_to_LOD_h,21.317513129398776,20.97696144650448,-0.34055168289429716,-1.5975206902752912,-0.15975206902752898,False
S. aureus,two-compartment mechanistic,H,+10%,MDK99_h,8.218689455987422,7.9011356799425805,-0.31755377604484103,-3.863800642978413,-0.38638006429784094,False
S. aureus,two-compartment mechanistic,H,-10%,log10_drop_240h,13.97226561168106,306.0,292.02773438831895,2090.0528411382234,-209.00528411382237,False
S. aureus,two-compartment mechanistic,H,-10%,time_to_LOD_h,21.317513129398776,21.754651897513938,0.4371387681151617,2.0506086496192086,-0.20506086496192089,False
S. aureus,two-compartment mechanistic,H,-10%,MDK99_h,8.218689455987422,8.62558511270093,0.4068956567135089,4.950858149495844,-0.4950858149495845,False
S. aureus,two-compartment mechanistic,k_SP,+10%,log10_drop_240h,13.97226561168106,306.0,292.02773438831895,2090.0528411382234,209.00528411382214,False
S. aureus,two-compartment mechanistic,k_SP,+10%,time_to_LOD_h,21.317513129398776,21.88944909130351,0.5719359619047353,2.6829394143352676,0.26829394143352653,False
S. aureus,two-compartment mechanistic,k_SP,+10%,MDK99_h,8.218689455987422,8.228314486056865,0.009625030069443596,0.11711149473389139,0.011711149473389129,False
S. aureus,two-compartment mechanistic,k_SP,-10%,log10_drop_240h,13.97226561168106,306.0,292.02773438831895,2090.0528411382234,-209.00528411382237,False
S. aureus,two-compartment mechanistic,k_SP,-10%,time_to_LOD_h,21.317513129398776,20.710189490166652,-0.6073236392321242,-2.8489422548757344,0.2848942254875735,False
S. aureus,two-compartment mechanistic,k_SP,-10%,MDK99_h,8.218689455987422,8.20911266725243,-0.009576788734991126,-0.11652452360290012,0.011652452360290014,False
S. aureus,two-compartment mechanistic,k_PS,+10%,log10_drop_240h,13.97226561168106,306.0,292.02773438831895,2090.0528411382234,209.00528411382214,False
S. aureus,two-compartment mechanistic,k_PS,+10%,time_to_LOD_h,21.317513129398776,19.94369281659664,-1.3738203128021347,-6.444561823243409,-0.6444561823243402,False
S. aureus,two-compartment mechanistic,k_PS,+10%,MDK99_h,8.218689455987422,8.206294225547174,-0.012395230440247929,-0.1508176030573566,-0.015081760305735645,False
S. aureus,two-compartment mechanistic,k_PS,-10%,log10_drop_240h,13.97226561168106,306.0,292.02773438831895,2090.0528411382234,-209.00528411382237,False
S. aureus,two-compartment mechanistic,k_PS,-10%,time_to_LOD_h,21.317513129398776,23.236290994523532,1.9187778651247562,9.000946092903249,-0.9000946092903251,False
S. aureus,two-compartment mechanistic,k_PS,-10%,MDK99_h,8.218689455987422,8.23426243197126,0.015572975983838333,0.18948247244569166,-0.018948247244569172,False
